DNet,CNet,ENet,Vendor Name,vendor_id
1,1,1,Rockwell Automation/Allen-Bradley,1
-2,-2,-2,Reserved,2
-3,-3,3,Honeywell International Inc.,3
4,-4,4,Parker Hannifin Corporation,4
-5,-5,-5,Reserved,5
-6,-6,-6,Reserved,6
7,-7,7,SMC Corporation,7
8,8,8,Molex Incorporated,8
-9,-9,-9,Reserved,9
10,-10,10,Advanced Micro Controls Inc. (AMCI),10
-11,-11,-11,Reserved,11
-12,-12,12,Banner Engineering Corporation,12
-13,-13,-13,Reserved,13
-14,-14,-14,Reserved,14
16,-16,-16,Daniel Woodhead Co.,16
-17,-17,-17,Reserved,17
-18,-18,-18,Reserved,18
-19,-19,-19,Reserved,19
20,-20,20,Huron Net Works,20
21,-21,21,Belden Deutschland GmbH,21
22,22,22,"Online Development, Inc. (OLDI)",22
-23,-23,-23,Reserved,23
-25,-25,-25,Reserved,25
26,-26,26,Festo,26
-27,-27,-27,Reserved,27
-28,-28,-28,Reserved,28
-30,-30,-30,Reserved,30
-31,-31,-31,Reserved,31
-33,-33,-33,Reserved,33
-34,-34,-34,Reserved,34
-35,-35,-35,Reserved,35
36,-36,36,MKS Inc.,36
37,-37,-37,Yaskawa Electric America formerly Magnetek Drives,37
-38,-38,-38,Reserved,38
39,-39,39,AVG Automation (Uticor),39
40,-40,40,WAGO Corporation,40
41,-41,-41,"Celerity, Inc.",41
42,-42,42,IMI Norgren Limited,42
43,-43,43,BALLUFF,43
44,-44,44,"Yaskawa America, Inc.",44
45,-45,45,Eurotherm Ltd,45
46,46,46,"ABB, Inc.",46
47,-47,47,OMRON Corporation,47
48,-48,48,TURCK,48
-49,-49,-49,Reserved,49
50,-50,50,"Real Time Automation, Inc.",50
-51,-51,-51,Reserved,51
52,-52,52,ASCO Numatics,52
-53,-53,53,LÜTZE,53
-54,-54,-54,Reserved,54
-55,-55,-55,Reserved,55
56,-56,56,"Softing, Inc.",56
57,-57,57,Pepperl+Fuchs ,57
58,58,58,"Spectrum Controls, Inc.",58
-59,-59,-59,Reserved,59
-60,-60,60,"Applied Motion Products, Inc.",60
-61,-61,-61,Reserved,61
-62,-62,-62,Reserved,62
-63,-63,-63,Reserved,63
-64,-64,-64,Reserved,64
-65,-65,-65,Reserved,65
-66,-66,-66,Reserved,66
-67,-67,-67,Reserved,67
68,-68,68,Eaton Electrical,68
-69,-69,-69,Reserved,69
-70,-70,-70,Reserved,70
-71,-71,71,Toshiba International Corporation,71
-72,-72,-72,Reserved,72
-73,-73,-73,Reserved,73
74,-74,-74,"Hitachi, Ltd.",74
75,-75,75,ABB Robotics,75
76,-76,76,NKE Corporation,76
-77,-77,77,Rockwell Automation/FactoryTalk,77
-78,-78,-78,Reserved,78
-79,-79,79,Leviton,79
-80,-80,-80,Reserved,80
-81,-81,-81,Reserved,81
82,-82,-82,"Mitsubishi Electric Automation, Inc.",82
-83,-83,83,OPTO 22,83
-84,-84,-84,Reserved,84
-85,-85,-85,Reserved,85
86,-86,86,Horner Electric,86
87,-87,87,Buerkert Fluid Control Systems,87
-88,-88,-88,Reserved,88
89,-89,-89,"Industrial Indexing Systems, Inc.",89
90,-90,90,HMS Industrial Networks AB,90
-91,-91,-91,Reserved,91
92,-92,-92,Helix Technology (Granville-Phillips),92
-93,-93,-93,Reserved,93
94,-94,94,Advantech Corporation,94
-95,-95,-95,Reserved,95
-96,-96,-96,Reserved,96
97,-97,97,Danfoss Drives A/S,97
-98,-98,98,Hewlett Packard Enterprise Company,98
-99,-99,-99,Reserved,99
-100,-100,-100,Reserved,100
-101,-101,-101,Reserved,101
-102,-102,102,SWCC Corporation,102
-103,-103,-103,Reserved,103
104,-104,-104,Sharp Manufacturing Systems Corporation,104
-105,-105,-105,Reserved,105
-106,-106,-106,Reserved,106
-107,-107,-107,Reserved,107
108,108,108,Beckhoff Automation,108
109,-109,109,National Instruments,109
110,-110,-110,Mykrolis Corporation (Millipore),110
-111,-111,-111,Reserved,111
-112,-112,-112,Reserved,112
-113,-113,-113,Reserved,113
-114,-114,-114,Reserved,114
-115,-115,-115,Reserved,115
-116,-116,116,"Temposonics, LLC",116
-117,-117,-117,Reserved,117
119,-119,119,EXOR Electronic R & D,119
-120,-120,-120,Reserved,120
121,121,121,KUKA Deutschland GmbH,121
-122,-122,-122,Reserved,122
-123,-123,-123,Reserved,123
-124,-124,-124,Reserved,124
-125,-125,-125,Reserved,125
-126,-126,-126,Reserved,126
-127,-127,-127,Reserved,127
-128,-128,128,"MAC Valves, Inc.",128
129,-129,129,AUMA Riester GmbH & Co. KG,129
130,-130,130,JTEKT Corporation,130
-131,-131,-131,Reserved,131
-132,-132,-132,Reserved,132
-133,-133,-133,Reserved,133
134,-134,-134,TR Electronic,134
135,-135,135,UNIPULSE Corporation,135
-136,-136,-136,Reserved,136
-137,-137,-137,Reserved,137
-138,-138,-138,Reserved,138
-139,-139,-139,Reserved,139
-140,-140,-140,Reserved,140
141,-141,141,"Kuramo Electric Co., Ltd.",141
-142,-142,-142,Reserved,142
-143,-143,-143,Reserved,143
144,-144,144,Leybold GmbH,144
-145,-145,-145,Reserved,145
-146,-146,-146,Reserved,146
-147,-147,-147,Reserved,147
-148,-148,-148,Reserved,148
-149,-149,-149,Reserved,149
-150,-150,-150,Reserved,150
-152,-152,-152,Reserved,152
153,-153,153,Watlow,153
-154,-154,-154,Reserved,154
-155,-155,155,"NADEX Co., Ltd",155
156,-156,156,Ametek Automation & Process Technologies,156
-157,-157,157,"Facts, Inc.",157
-158,-158,-158,Reserved,158
-159,-159,159,IDEC Corporation,159
-160,-160,-160,Reserved,160
161,-161,161,Mitsubishi Electric Corporation,161
162,-162,-162,"HORIBA STEC, Co., Ltd.",162
163,-163,-163,esd electronics gmbh,163
164,-164,164,DAIHEN Corporation,164
-165,-165,-165,Reserved,165
-166,-166,-166,Reserved,166
-168,-168,-168,Reserved,168
169,-169,169,"Hokuyo Automatic Co., Ltd.",169
-170,-170,170,"Pyramid Solutions, Inc.",170
171,-171,171,Denso Wave Incorporated,171
-172,-172,-172,Reserved,172
173,-173,173,"Caterpillar, Inc.",173
-174,-174,-174,Reserved,174
-175,-175,-175,Reserved,175
176,-176,176,Red Lion ,176
177,-177,-177,CANON ANELVA Corporation,177
178,-178,178,Toyo Denki Seizo KK,178
179,-179,179,"Sanyo Denki Co., Ltd.",179
180,-180,-180,"Kuwana Metals Finetech, Ltd.",180
-181,-181,181,Pilz GmbH & Co KG,181
-182,-182,-182,Reserved,182
-183,-183,-183,Reserved,183
184,-184,184,"MG CO., LTD.",184
185,-185,185,"Nissin Electric Co., Ltd.",185
186,-186,-186,"Kuwana Metals, Ltd.",186
187,-187,187,"Oriental Motor Co., Ltd",187
-188,-188,188,A&D Company Limited,188
-189,-189,-189,Reserved,189
-190,-190,-190,Reserved,190
-191,-191,-191,Reserved,191
-192,-192,-192,Reserved,192
-193,-193,-193,Reserved,193
-194,-194,-194,Reserved,194
-195,-195,-195,Reserved,195
-196,-196,-196,Reserved,196
-197,-197,-197,Reserved,197
198,-198,198,"Advanced Energy Industries, Inc.",198
-199,-199,-199,Reserved,199
-200,-200,-200,Reserved,200
201,-201,201,CKD Corporation,201
-202,-202,-202,Reserved,202
-203,-203,-203,Reserved,203
204,-204,204,AuCom Electronics Ltd,204
205,-205,-205,"Sinfonia Technology Co., Ltd.",205
-206,-206,-206,Reserved,206
-207,-207,-207,Reserved,207
-208,-208,-208,Reserved,208
-209,-209,-209,Reserved,209
-210,-210,-210,Reserved,210
-211,-211,-211,Reserved,211
-212,-212,-212,Reserved,212
-213,-213,-213,Reserved,213
214,-214,-214,ASM Japan K.K.,214
-215,-215,-215,Reserved,215
216,-216,216,"Panasonic Industry Co., Ltd.",216
217,-217,-217,Meidensha Corporation,217
-218,-218,-218,Reserved,218
-219,-219,-219,Reserved,219
220,-220,220,"NSD Co., Ltd.",220
-221,-221,-221,Reserved,221
-222,-222,-222,Reserved,222
-223,-223,-223,Reserved,223
-224,-224,-224,Reserved,224
-225,-225,-225,Reserved,225
-226,-226,-226,Reserved,226
-227,-227,-227,Reserved,227
-228,-228,-228,Reserved,228
-229,-229,-229,Reserved,229
230,-230,230,NSD Corporation,230
-231,-231,-231,Reserved,231
-232,-232,-232,Reserved,232
-233,-233,-233,Reserved,233
-234,-234,-234,Reserved,234
-235,-235,-235,Reserved,235
-236,-236,-236,Reserved,236
-237,-237,-237,Reserved,237
-238,-238,-238,Reserved,238
-239,-239,-239,Reserved,239
-240,-240,-240,Reserved,240
-241,-241,-241,Reserved,241
-242,-242,-242,Reserved,242
243,-243,243,Schneider Electric,243
244,-244,-244,Westlock Controls Corp.,244
-245,-245,-245,Reserved,245
246,-246,246,Brooks Instrument,246
-247,-247,-247,Reserved,247
248,-248,248,Eaton Industries GmbH (formerly Moeller GmbH),248
-249,-249,-249,Reserved,249
250,-250,250,Yokogawa Electric Corporation,250
-251,-251,-251,Reserved,251
252,-252,252,"Omron Software Co., Ltd.",252
253,-253,-253,EDWARDS,253
-254,-254,-254,Reserved,254
-255,-255,-255,Reserved,255
256,-256,-256,TURCK (formerly InterlinkBT),256
257,-257,257,Control Techniques PLC,257
258,258,258,Hardy Process Solutions,258
259,-259,259,LS ELECTRIC,259
-260,-260,-260,Reserved,260
-261,-261,-261,Reserved,261
262,-262,-262,"New Cosmos Electric Co., Ltd.",262
263,-263,-263,Sense ,263
-264,-264,-264,Reserved,264
-265,-265,-265,Reserved,265
-266,-266,-266,Reserved,266
-267,-267,267,Patlite Corporation,267
-268,-268,-268,Reserved,268
-269,-269,-269,Reserved,269
270,-270,270,Welding Technology Corporation,270
-271,-271,-271,Reserved,271
272,-272,272,Deutschmann Automation GmbH,272
-273,-273,-273,Reserved,273
274,-274,274,"Bray International, Inc",274
-275,-275,-275,Reserved,275
-276,-276,-276,Reserved,276
-277,-277,277,Trio Motion Technology ltd,277
-278,-278,-278,Reserved,278
-279,-279,-279,Reserved,279
-280,-280,-280,Reserved,280
-281,-281,-281,Reserved,281
-282,-282,-282,Reserved,282
283,-283,283,Hilscher Gesellschaft für Systemautomation mbH,283
-284,-284,-284,Reserved,284
285,-285,-285,"Electronic Innovation, Inc. (Falter Engineering)",285
-286,-286,-286,Reserved,286
287,-287,287,Bosch Rexroth,287
-288,-288,-288,Reserved,288
-289,-289,-289,Reserved,289
-290,-290,-290,Reserved,290
-291,-291,-291,Reserved,291
-292,-292,-292,Reserved,292
-293,-293,-293,Reserved,293
-294,-294,-294,Reserved,294
-295,-295,-295,Reserved,295
-296,-296,-296,Reserved,296
297,-297,-297,Advanet Inc.,297
-298,-298,-298,Reserved,298
-299,-299,-299,Reserved,299
-300,-300,-300,Reserved,300
-301,-301,-301,Reserved,301
-302,-302,-302,Reserved,302
-303,-303,-303,Reserved,303
-304,-304,-304,Reserved,304
-305,-305,-305,Reserved,305
-306,-306,-306,Reserved,306
-307,-307,307,"Hirose Electric Co., Ltd",307
-308,-308,-308,Reserved,308
309,309,309,ProSoft Technology,309
-310,-310,-310,Reserved,310
-311,-311,-311,Reserved,311
-312,-312,-312,Reserved,312
-313,-313,-313,Reserved,313
-314,-314,314,Wieland Electric GmbH,314
315,-315,315,SEW Eurodrive GmbH,315
-316,-316,-316,Reserved,316
-317,-317,-317,Reserved,317
-318,-318,-318,Reserved,318
319,-319,319,Fuji Electric Group,319
-320,-320,-320,Reserved,320
-321,-321,-321,Reserved,321
322,-322,322,ifm electronic gmbh,322
-323,-323,-323,Reserved,323
-324,-324,-324,Reserved,324
-325,-325,-325,Reserved,325
326,-326,326,"Intelligent Platforms, LLC.",326
-327,-327,-327,Reserved,327
-328,-328,-328,Reserved,328
-329,-329,-329,Reserved,329
-330,-330,-330,Reserved,330
331,-331,-331,Interface Corporation,331
-332,-332,-332,Reserved,332
-333,-333,-333,Reserved,333
-334,-334,-334,Reserved,334
-335,-335,-335,Reserved,335
-336,-336,-336,Reserved,336
-337,-337,-337,Reserved,337
-338,-338,-338,Reserved,338
-339,-339,-339,Reserved,339
340,-340,-340,Alfa Laval LKM as,340
-341,-341,-341,Reserved,341
-342,-342,-342,Reserved,342
-343,-343,-343,Reserved,343
-344,-344,344,KEBA Industrial Automation GmbH,344
346,-346,346,Lincoln Electric Company,346
-347,-347,-347,Reserved,347
-348,-348,-348,Reserved,348
-349,-349,-349,Reserved,349
-350,-350,-350,Reserved,350
-351,-351,-351,Reserved,351
-352,-352,-352,Reserved,352
354,-354,354,FRABA Posital,354
-355,-355,-355,Reserved,355
356,-356,356,FANUC Robotics America,356
-357,-357,-357,Reserved,357
-358,-358,-358,Reserved,358
-359,-359,-359,Reserved,359
-360,-360,-360,Reserved,360
-361,-361,-361,Reserved,361
-362,-362,-362,Reserved,362
-363,-363,-363,Reserved,363
-364,-364,-364,Reserved,364
-365,-365,-365,Reserved,365
-366,-366,-366,Reserved,366
367,-367,367,Keyence Corporation,367
-368,-368,-368,Reserved,368
-369,-369,-369,Reserved,369
-370,-370,-370,Reserved,370
-371,-371,-371,Reserved,371
-372,-372,-372,Reserved,372
-373,-373,373,"Sumitomo Heavy Industries, Ltd.",373
-374,-374,-374,Reserved,374
-375,-375,-375,Reserved,375
-376,-376,-376,Reserved,376
377,-377,377,TOSHIBA Schneider Inverter Corporation,377
-378,-378,-378,Reserved,378
-379,-379,-379,Reserved,379
-380,-380,-380,Reserved,380
-381,-381,-381,Reserved,381
-382,-382,-382,Reserved,382
-383,-383,-383,Reserved,383
384,-384,-384,"Dyadic Systems Co., Ltd.",384
-385,-385,-385,Reserved,385
-386,-386,-386,Reserved,386
-387,-387,-387,Reserved,387
-388,-388,-388,Reserved,388
-389,-389,-389,Reserved,389
-390,-390,-390,Reserved,390
-391,-391,-391,Reserved,391
-392,-392,-392,Reserved,392
-393,-393,-393,Reserved,393
394,-394,394,RKC Instrument Inc.,394
-395,-395,-395,Reserved,395
-396,-396,-396,Reserved,396
-397,-397,-397,Reserved,397
-398,-398,398,Selectron Systems AG,398
-399,-399,-399,Reserved,399
400,-400,-400,"LINTEC Co., Ltd.",400
-401,-401,-401,Reserved,401
-402,-402,-402,Reserved,402
-403,-403,-403,Reserved,403
404,-404,-404,VAT Vacuum Valves AG,404
405,-405,405,"OMRON Robotics and Safety Technologies, Inc.",405
-406,-406,-406,Reserved,406
407,-407,407,TWK Elektronik GmbH,407
-408,-408,-408,Reserved,408
-409,-409,-409,Reserved,409
-410,-410,-410,Reserved,410
-411,-411,-411,Reserved,411
-412,-412,-412,Reserved,412
413,-413,413,Kistler-Morse,413
414,-414,414,Proteus Industries Inc.,414
-415,-415,-415,Reserved,415
416,-416,416,Nordson Corporation,416
-417,-417,-417,Reserved,417
-418,-418,-418,Reserved,418
-419,-419,-419,Reserved,419
-420,-420,-420,Reserved,420
-421,-421,-421,Reserved,421
-422,-422,-422,Reserved,422
423,-423,-423,"Bionics Instrument Co., Ltd.",423
-424,-424,424,"Teknic, Incorporated",424
-426,-426,-426,Reserved,426
-427,-427,-427,Reserved,427
-428,-428,-428,Reserved,428
429,-429,429,Koganei Corporation,429
-430,-430,-430,Reserved,430
-431,-431,431,"Nichigoh Communication Electric Wire Co., Ltd.",431
-433,-433,-433,Reserved,433
-434,-434,-434,Reserved,434
435,-435,435,StoneL,435
-436,-436,-436,Reserved,436
-437,-437,-437,Reserved,437
-438,-438,438,Erhardt+Leimer GmbH,438
-439,-439,-439,Reserved,439
-440,-440,-440,Reserved,440
-441,-441,441,Nachi Fujikoshi Corporation,441
-442,-442,-442,Reserved,442
443,-443,443,Vacon Plc,443
-444,-444,-444,Reserved,444
-445,-445,-445,Reserved,445
-446,-446,-446,Reserved,446
-447,-447,-447,Reserved,447
-448,-448,-448,Reserved,448
-449,-449,-449,Reserved,449
-450,-450,-450,Reserved,450
-451,-451,-451,Reserved,451
-452,-452,452,Kollmorgen,452
453,-453,453,"Panasonic Connect Co., Ltd.",453
-454,-454,-454,Reserved,454
-455,-455,-455,Reserved,455
-456,-456,-456,Reserved,456
-457,-457,-457,Reserved,457
-458,-458,-458,Reserved,458
-459,-459,-459,Reserved,459
-460,-460,-460,Reserved,460
-461,-461,-461,Reserved,461
-462,-462,-462,Reserved,462
-463,-463,-463,Reserved,463
464,-464,464,TRUMPF Huettinger,464
-465,-465,-465,Reserved,465
-466,-466,-466,Reserved,466
-467,-467,-467,Reserved,467
468,-468,468,Baumer (Formerly Baumer IVO GmbH & Co. KG),468
-469,-469,-469,Reserved,469
-470,-470,-470,Reserved,470
-471,-471,471,Eilersen Electric A/S,471
-472,-472,-472,Reserved,472
-473,-473,-473,Reserved,473
-474,-474,-474,Reserved,474
-475,-475,-475,Reserved,475
-476,-476,-476,Reserved,476
-477,-477,-477,Reserved,477
478,-478,-478,Shimadzu Corporation,478
-479,-479,-479,Reserved,479
-480,-480,-480,Reserved,480
-481,-481,-481,Reserved,481
482,-482,482,JTEKT ELECTRONICS CORPORATION,482
-483,-483,-483,Reserved,483
-484,-484,-484,Reserved,484
-485,-485,-485,Reserved,485
-486,-486,-486,Reserved,486
-487,-487,-487,Reserved,487
488,-488,-488,"Riken Keiki Co., Ltd.",488
-489,-489,-489,Reserved,489
-490,-490,490,"Fuji Machine Mfg. Co., Ltd",490
-491,-491,-491,Reserved,491
-492,-492,-492,Reserved,492
-493,-493,-493,Reserved,493
-494,-494,-494,Reserved,494
-495,-495,-495,Reserved,495
-496,-496,-496,Reserved,496
-497,-497,-497,Reserved,497
-498,-498,-498,Reserved,498
-499,-499,-499,Reserved,499
-500,-500,-500,Reserved,500
501,-501,501,YASKAWA Europe (formerly VIPA GmbH),501
-502,-502,-502,Reserved,502
-503,-503,-503,Reserved,503
-504,-504,-504,Reserved,504
-505,-505,-505,Reserved,505
-506,-506,-506,Reserved,506
-507,-507,-507,Reserved,507
-508,-508,-508,Reserved,508
-509,-509,-509,Reserved,509
510,-510,-510,"Proportion-Air, Inc.",510
-511,-511,-511,Reserved,511
-512,-512,-512,Reserved,512
-513,-513,-513,Reserved,513
-514,-514,-514,Reserved,514
515,-515,515,"Cosmo Instruments Co., Ltd.",515
-516,-516,-516,Reserved,516
-517,-517,-517,Reserved,517
-518,-518,-518,Reserved,518
-519,-519,-519,Reserved,519
-520,-520,-520,Reserved,520
521,-521,-521,"Fujikin, Inc.",521
-522,-522,-522,Reserved,522
-523,-523,-523,Reserved,523
524,-524,524,Leuze electronic GmbH & Co. KG,524
-525,-525,-525,Reserved,525
-526,-526,-526,Reserved,526
527,-527,-527,Pfeiffer Vacuum GmbH,527
-528,-528,-528,Reserved,528
529,-529,-529,OKUMA Corporation FA Systems Division,529
-530,-530,-530,Reserved,530
531,-531,-531,Kokusai Electric Corporation,531
-532,-532,532,SHINKO TECHNOS,532
-533,-533,533,"Itoh Denki Co., Ltd.",533
-534,-534,-534,Reserved,534
-535,-535,-535,Reserved,535
-536,-536,-536,Reserved,536
-537,-537,-537,Reserved,537
-538,-538,-538,Reserved,538
-539,-539,-539,Reserved,539
-540,-540,540,Atlas Copco Airpower NV,540
-541,-541,-541,Reserved,541
-542,-542,-542,Reserved,542
-543,-543,-543,Reserved,543
544,-544,544,PMA GmbH,544
-545,-545,-545,Reserved,545
-546,-546,-546,Reserved,546
-547,-547,-547,Reserved,547
548,-548,548,JMACS,548
-549,-549,-549,Reserved,549
-550,-550,-550,Reserved,550
-551,-551,-551,Reserved,551
-552,-552,-552,Reserved,552
-553,-553,-553,Reserved,553
-554,-554,-554,Reserved,554
-555,-555,555,ATI Industrial Automation,555
-556,-556,-556,Reserved,556
-557,-557,-557,Reserved,557
-558,-558,-558,Reserved,558
-559,-559,-559,Reserved,559
560,-560,560,Minebea Intec,560
-561,-561,561,Comau S.p.A. ,561
562,-562,562,Phoenix Contact,562
-563,-563,-563,Reserved,563
-564,-564,-564,Reserved,564
-565,-565,565,Valcom,565
-566,-566,-566,Reserved,566
-567,-567,-567,Reserved,567
-568,-568,-568,Reserved,568
-569,-569,-569,Reserved,569
-570,-570,-570,Reserved,570
-571,-571,-571,Reserved,571
572,-572,572,ARO Welding Technologies S.A.S.,572
-573,-573,-573,Reserved,573
-574,-574,-574,Reserved,574
-575,-575,575,"Santest Co., Ltd.",575
-576,-576,-576,Reserved,576
-577,-577,-577,Reserved,577
-578,-578,-578,Reserved,578
-579,-579,-579,Reserved,579
-580,-580,-580,Reserved,580
581,-581,581,"Norgren Automation Solutions, LLC (previously Syron Engineering & Manufacturing, Inc.)",581
-582,-582,-582,Reserved,582
583,-583,-583,"Sansha Electric Mfg. Co.,Ltd.",583
584,-584,-584,"CKD Nikki Denso Co., Ltd.",584
-585,-585,-585,Reserved,585
-586,-586,-586,Reserved,586
-587,-587,587,Lenze,587
-588,-588,-588,Reserved,588
589,-589,589,LinMot,589
-590,-590,590,Delta Motion ,590
591,-591,591,FANUC CORPORATION,591
-592,-592,-592,Reserved,592
-593,-593,593,ABB AG,593
-594,-594,-594,Reserved,594
-595,-595,-595,Reserved,595
-596,-596,-596,Reserved,596
-597,-597,-597,Reserved,597
-598,-598,-598,Reserved,598
-599,-599,599,"Toyogiken Co., Ltd.",599
-600,-600,-600,Reserved,600
-601,-601,601,Kawasaki Robot,601
-602,-602,-602,Reserved,602
603,-603,603,Robox S.p.a.,603
-604,-604,-604,Reserved,604
605,-605,-605,Benshaw Inc.,605
-606,-606,-606,Reserved,606
-607,-607,-607,Reserved,607
-608,-608,-608,Reserved,608
-609,-609,-609,Reserved,609
-610,-610,-610,Reserved,610
-611,-611,-611,Reserved,611
-612,-612,-612,Reserved,612
613,-613,613,Aros Electronics AB,613
-614,-614,-614,Reserved,614
-615,-615,-615,Reserved,615
-616,-616,-616,Reserved,616
-617,-617,-617,Reserved,617
-618,-618,-618,Reserved,618
-619,-619,-619,Reserved,619
-620,-620,-620,Reserved,620
-621,-621,-621,Reserved,621
-622,-622,-622,Reserved,622
-623,-623,-623,Reserved,623
-624,-624,-624,Reserved,624
625,-625,625,Rockwell Automation/Sprecher+Schuh,625
626,-626,-626,Panasonic Corporation/Motor Company,626
-627,-627,-627,Reserved,627
-628,-628,-628,Reserved,628
-629,-629,629,Interroll Software & Electronics GmbH,629
-630,-630,-630,Reserved,630
-631,-631,-631,Reserved,631
-632,-632,-632,Reserved,632
633,-633,633,INFICON AG,633
634,-634,634,"Hirschmann, a Belden brand",634
-635,-635,635,The Siemon Company,635
636,-636,636,"YAMAHA MOTOR CO., LTD.",636
-637,-637,-637,Reserved,637
-638,-638,638,Woodhead Connectivity,638
-639,-639,-639,Reserved,639
640,-640,640,Murrelektronik GmbH,640
-641,-641,-641,Reserved,641
642,-642,-642,TopWorx,642
-643,-643,-643,Reserved,643
-644,-644,-644,Reserved,644
645,-645,645,Bihl + Wiedemann GmbH,645
-646,-646,-646,Reserved,646
-647,-647,-647,Reserved,647
-648,-648,-648,Reserved,648
-649,-649,-649,Reserved,649
-650,-650,-650,Reserved,650
-651,-651,651,Fife Corporation,651
-652,-652,-652,Reserved,652
-653,-653,653,Detector Electronics,653
-654,-654,-654,Reserved,654
-655,-655,-655,Reserved,655
-656,-656,-656,Reserved,656
-657,-657,-657,Reserved,657
-658,-658,-658,Reserved,658
659,-659,659,Rotork Controls Limited,659
660,-660,660,Automationdirect.com,660
-661,-661,-661,Reserved,661
-662,-662,-662,Reserved,662
-663,-663,-663,Reserved,663
-664,-664,-664,Reserved,664
-665,-665,665,Lika Electronic,665
-666,-666,666,Mettler-Toledo,666
-667,-667,-667,Reserved,667
-668,-668,-668,Reserved,668
-669,-669,-669,Reserved,669
-670,-670,-670,Reserved,670
-671,-671,-671,Reserved,671
-672,-672,-672,Reserved,672
-673,-673,673,"CONTEC CO., LTD.",673
-674,-674,-674,Reserved,674
-675,-675,-675,Reserved,675
-677,-677,-677,Reserved,677
-678,-678,678,Cognex Corporation,678
-679,-679,-679,Reserved,679
-680,-680,-680,Reserved,680
-681,-681,-681,Reserved,681
-682,-682,-682,Reserved,682
683,-683,683,WITTENSTEIN cyber motor GmbH,683
-684,-684,-684,Reserved,684
-685,-685,-685,Reserved,685
-686,-686,-686,Reserved,686
-687,-687,-687,Reserved,687
-688,-688,-688,Reserved,688
-689,-689,-689,Reserved,689
-690,-690,-690,Reserved,690
691,-691,691,Littelfuse,691
-692,-692,-692,Reserved,692
-693,-693,-693,Reserved,693
694,-694,694,Pfeiffer Vacuum SAS,694
-695,-695,-695,Reserved,695
-696,-696,-696,Reserved,696
-697,-697,-697,Reserved,697
-698,-698,-698,Reserved,698
699,-699,699,IAI Corporation,699
-700,-700,-700,Reserved,700
-701,-701,-701,Reserved,701
702,-702,702,Leine & Linde AB,702
-703,-703,-703,Reserved,703
-704,-704,-704,Reserved,704
-705,-705,-705,Reserved,705
706,-706,706,Bronkhorst High-Tech B.V.,706
-707,-707,-707,Reserved,707
708,-708,-708,Yosio Electronic Co.,708
-709,-709,-709,Reserved,709
-710,-710,-710,Reserved,710
-711,-711,-711,Reserved,711
-712,-712,-712,Reserved,712
-713,-713,-713,Reserved,713
714,-714,-714,"Goyo Electronics Co, Ltd.",714
-715,-715,-715,Reserved,715
-716,-716,-716,Reserved,716
717,-717,717,TRUMPF Laser SE,717
-718,-718,-718,Reserved,718
-719,-719,-719,Reserved,719
-720,-720,-720,Reserved,720
721,-721,721,"Industrial Control Communications, Inc.",721
-723,-723,-723,Reserved,723
-724,-724,-724,Reserved,724
-725,-725,-725,Reserved,725
-726,-726,-726,Reserved,726
-727,-727,-727,Reserved,727
728,-728,-728,"Yamato Scale Co., Ltd.",728
-729,-729,-729,Reserved,729
-730,-730,-730,Reserved,730
-731,-731,-731,Reserved,731
732,-732,732,Beta LaserMike Limited,732
-733,-733,-733,Reserved,733
734,-734,734,"Hakko Electronics Co., Ltd",734
-735,-735,-735,Reserved,735
-736,-736,-736,Reserved,736
-737,-737,-737,Reserved,737
-738,-738,-738,Reserved,738
-739,-739,-739,Reserved,739
-740,-740,740,Camozzi Automation spa,740
741,-741,741,"Crevis Co., LTD",741
742,-742,742,Rice Lake Weighing Systems,742
-743,-743,-743,Reserved,743
-744,-744,744,KEB Automation KG,744
-745,-745,-745,Reserved,745
-746,-746,-746,Reserved,746
-748,-748,-748,Reserved,748
-749,-749,-749,Reserved,749
-750,-750,-750,Reserved,750
-751,-751,-751,Reserved,751
-752,-752,-752,Reserved,752
-753,-753,-753,Reserved,753
-754,-754,-754,Reserved,754
-755,-755,-755,Reserved,755
-756,-756,-756,Reserved,756
-757,-757,-757,Reserved,757
-758,-758,-758,Reserved,758
-759,-759,-759,Reserved,759
760,-760,760,ABB Stotz Kontakt GmbH,760
-761,-761,-761,Reserved,761
-762,-762,-762,Reserved,762
-763,-763,-763,Reserved,763
-764,-764,-764,Reserved,764
-765,-765,-765,Reserved,765
-766,-766,-766,Reserved,766
-767,-767,-767,Reserved,767
-768,-768,768,CSIRO Mining Automation,768
-769,-769,-769,Reserved,769
-770,-770,-770,Reserved,770
-771,-771,-771,Reserved,771
-772,-772,-772,Reserved,772
-773,-773,-773,Reserved,773
-774,-774,-774,Reserved,774
-775,-775,-775,Reserved,775
-776,-776,-776,Reserved,776
-777,-777,-777,Reserved,777
778,-778,778,"HARTING, Inc. of North America",778
-779,-779,779,Kuebler GmbH,779
-780,-780,-780,Reserved,780
781,-781,-781,JEOL,781
-782,-782,-782,Reserved,782
-783,-783,-783,Reserved,783
-784,-784,-784,Reserved,784
-785,-785,-785,Reserved,785
-786,-786,-786,Reserved,786
-787,-787,787,"DAIKIN INDUSTRIES,LTD Oil Hydraulic Division",787
-788,-788,-788,Reserved,788
-789,-789,-789,Reserved,789
-790,-790,-790,Reserved,790
-791,-791,-791,Reserved,791
-792,-792,-792,Reserved,792
793,-793,-793,Metronix Messgeraete und Elektronik GmbH,793
-794,-794,794,ROPEX Industrie - Elektronik GmbH,794
-795,-795,-795,Reserved,795
796,-796,796,"Siemens Industry, Inc.",796
-797,-797,-797,Reserved,797
798,-798,798,TE Connectivity,798
799,-799,799,"Delta Electronics, Inc.",799
-800,-800,-800,Reserved,800
801,-801,801,Autonics Corporation,801
-802,-802,-802,Reserved,802
-803,-803,-803,Reserved,803
804,-804,-804,"Electro-Sensors, Inc.",804
-805,-805,-805,Reserved,805
-806,-806,806,Texas Instruments Incorporated,806
-807,-807,-807,Reserved,807
-808,-808,808,SICK AG,808
-809,-809,-809,Reserved,809
810,-810,810,Animatics Corporation,810
-811,-811,-811,Reserved,811
-812,-812,-812,Reserved,812
-813,-813,-813,Reserved,813
-814,-814,-814,Reserved,814
-815,-815,-815,Reserved,815
-816,-816,-816,Reserved,816
-817,-817,-817,Reserved,817
-818,-818,-818,Reserved,818
819,-819,-819,"Guangzhou Zhiyuan Electronics Co., LTD",819
-820,-820,-820,Reserved,820
-821,-821,-821,Reserved,821
-822,-822,-822,Reserved,822
-823,-823,-823,Reserved,823
-824,-824,824,Montalvo Corporation,824
-825,-825,-825,Reserved,825
-826,-826,-826,Reserved,826
-827,-827,-827,Reserved,827
-828,-828,-828,Reserved,828
829,-829,829,"RS Automation Co., Ltd.",829
-830,-830,-830,Reserved,830
-831,-831,-831,Reserved,831
-832,-832,832,"Quest Technical Solutions, Inc.",832
833,-833,-833,LS Cable,833
834,-834,834,NORD Electronic DRIVESYSTEMS GmbH,834
-835,-835,-835,Reserved,835
-836,-836,-836,Reserved,836
-837,-837,-837,Reserved,837
-838,-838,-838,Reserved,838
839,-839,-839,Chugoku Electric Wire and Cable Co.,839
-840,-840,-840,Reserved,840
-841,-841,841,Panduit Corporation,841
-842,-842,-842,Reserved,842
-843,-843,-843,Reserved,843
-844,-844,844,Brooks Automation,844
845,-845,845,ANYWIRE CORPORATION,845
-846,-846,-846,Reserved,846
-847,-847,847,REO AG,847
-848,-848,848,Heraeus Noblelight Fusion UV Inc.,848
-849,-849,-849,Reserved,849
850,-850,850,"Datalogic, Inc.",850
-851,-851,851,SoftPLC Corporation,851
-852,-852,-852,Reserved,852
853,-853,853,WEG,853
854,-854,854,Teledyne LeCroy (formerly Frontline Test Equipment),854
-855,-855,-855,Reserved,855
-856,-856,-856,Reserved,856
-857,-857,-857,Reserved,857
-858,-858,-858,Reserved,858
-859,-859,-859,Reserved,859
-860,-860,-860,Reserved,860
-861,-861,-861,Reserved,861
-862,-862,-862,Reserved,862
-863,-863,-863,Reserved,863
864,-864,-864,"Entegris, Inc.",864
-865,-865,865,Schweitzer Engineering Laboratories,865
-866,-866,-866,Reserved,866
-867,-867,-867,Reserved,867
-868,-868,-868,Reserved,868
869,-869,-869,GEMÜ Gebr. Müller Apparatebau GmbH & Co. KG ,869
-870,-870,-870,Reserved,870
-871,-871,-871,Reserved,871
-872,-872,-872,Reserved,872
-873,-873,-873,Reserved,873
-874,-874,-874,Reserved,874
-875,-875,875,MSA Safety,875
-876,-876,-876,Reserved,876
-877,-877,-877,Reserved,877
-878,-878,-878,Reserved,878
-879,-879,-879,Reserved,879
-880,-880,-880,Reserved,880
-881,-881,-881,Reserved,881
-882,-882,-882,Reserved,882
-883,-883,883,Automa SRL,883
-884,-884,-884,Reserved,884
-885,-885,885,R. STAHL,885
-886,-886,-886,Reserved,886
-887,-887,887,Bernecker + Rainer Industrie-Elektronik GmbH,887
-888,888,888,Hiprom Technologies,888
-889,-889,-889,Reserved,889
-890,-890,-890,Reserved,890
-891,-891,-891,Reserved,891
-892,-892,-892,Reserved,892
893,-893,-893,Elcis Encoder s.r.l.,893
-894,-894,894,"Acromag, Inc.",894
895,-895,895,Avery Weigh-Tronix,895
-896,-896,-896,Reserved,896
-897,-897,-897,Reserved,897
899,-899,-899,Practicon Ltd.,899
-900,-900,900,SCHUNK SE & Co. KG ,900
-901,-901,-901,Reserved,901
-902,-902,-902,Reserved,902
-903,-903,-903,Reserved,903
-904,-904,-904,Reserved,904
905,-905,905,Hottinger Brüel und Kjaer GmbH,905
-906,-906,906,Teledyne DALSA,906
-907,-907,-907,Reserved,907
-908,-908,-908,Reserved,908
-909,-909,909,Pepperl+Fuchs Comtrol,909
-910,-910,-910,Reserved,910
911,-911,-911,Regulateurs Europa Ltd,911
-912,-912,-912,Reserved,912
-913,-913,-913,Reserved,913
914,-914,914,Micro Motion,914
-915,-915,-915,Reserved,915
-916,-916,-916,Reserved,916
917,-917,917,Binks Japan KK,917
-918,-918,-918,Reserved,918
-919,-919,-919,Reserved,919
-920,-920,920,"NITTO SEIKO CO., LTD.",920
-921,-921,921,Datasensing S.r.l.,921
-922,-922,-922,Reserved,922
-923,-923,923,Schmidt Technology ,923
-924,-924,-924,Reserved,924
-925,-925,-925,Reserved,925
-926,-926,-926,Reserved,926
927,-927,927,Misumi Corporation,927
928,-928,-928,GE Multilin,928
-929,-929,-929,Reserved,929
-930,-930,-930,Reserved,930
-931,-931,-931,Reserved,931
-932,-932,-932,Reserved,932
-933,-933,-933,Reserved,933
-934,-934,-934,Reserved,934
-935,-935,935,Aerotech Inc.,935
936,-936,936,JVL A/S,936
-937,-937,-937,Reserved,937
-938,-938,-938,Reserved,938
-939,-939,939,Cisco Systems,939
940,-940,940,Grid Connect,940
-941,-941,-941,Reserved,941
-942,-942,-942,Reserved,942
-943,-943,-943,Reserved,943
944,-944,-944,"Taiyo Cable (Dongguan) Co., Ltd.",944
-945,-945,-945,Reserved,945
946,-946,-946,SEREN IPS INC,946
947,947,947,Belden,947
949,-949,949,Gefran S.P.A.,949
-950,-950,-950,Reserved,950
-951,-951,-951,Reserved,951
952,-952,-952,Biffi Italia srl,952
-953,-953,-953,Reserved,953
-954,-954,954,Copley Controls ,954
-955,-955,-955,Reserved,955
-956,-956,-956,Reserved,956
-957,-957,957,Frick Controls (div. of York International),957
-958,-958,-958,Reserved,958
-959,-959,-959,Reserved,959
960,-960,-960,Kyosan Electric Mfg,960
-961,-961,-961,Reserved,961
-962,-962,-962,Reserved,962
-963,-963,-963,Reserved,963
-964,-964,-964,Reserved,964
965,-965,-965,NF CORPORATION,965
966,-966,966,Flowserve Corporation,966
-967,-967,-967,Reserved,967
-968,-968,968,IBA AG,968
-969,-969,-969,Reserved,969
-970,-970,-970,Reserved,970
-971,-971,-971,Reserved,971
-972,-972,972,Eaton Automation GmbH (formerly Micro Innovation),972
-973,-973,-973,Reserved,973
974,-974,-974,"Pre-Tech Co., Ltd.",974
-975,-975,-975,Reserved,975
-976,-976,-976,Reserved,976
977,-977,-977,Ametek HDR Power Systems,977
-978,-978,-978,Reserved,978
979,-979,-979,TETRA-K Corporation,979
980,980,-980,C&M Corporation,980
-981,-981,981,Siempelkamp Maschinen,981
-982,-982,-982,Reserved,982
983,-983,-983,"Daifuku Co., Ltd",983
-984,-984,-984,Reserved,984
-985,-985,-985,Reserved,985
-986,-986,-986,Reserved,986
-987,-987,-987,Reserved,987
-988,-988,-988,Reserved,988
-989,-989,-989,Reserved,989
-990,-990,-990,Reserved,990
-991,-991,991,"Moxa, Inc.",991
-992,-992,-992,Reserved,992
-993,-993,-993,Reserved,993
-994,-994,-994,Reserved,994
-995,-995,-995,Reserved,995
996,-996,996,Thorsis Technologies,996
-997,-997,-997,Reserved,997
-998,-998,-998,Reserved,998
-999,-999,999,"Fairmount Automation, Inc.",999
-1000,-1000,-1000,Reserved,1000
-1001,-1001,-1001,Reserved,1001
-1002,-1002,-1002,Reserved,1002
-1003,-1003,-1003,Reserved,1003
-1004,-1004,-1004,Reserved,1004
-1005,-1005,-1005,Reserved,1005
-1006,-1006,1006,"N-Tron Corporation, a Red Lion Company",1006
-1007,-1007,-1007,Reserved,1007
-1008,-1008,-1008,Reserved,1008
1009,-1009,1009,SEIKO EPSON CORPORATION,1009
-1010,-1010,-1010,Reserved,1010
-1011,-1011,-1011,Reserved,1011
-1012,-1012,-1012,Reserved,1012
-1013,-1013,1013,Scolari Engineering S.p.A.,1013
-1014,-1014,-1014,Reserved,1014
1015,-1015,1015,Weidmueller Group,1015
-1016,-1016,-1016,Reserved,1016
1017,-1017,-1017,AEG Power Solutions GmbH,1017
-1018,-1018,-1018,Reserved,1018
-1019,-1019,-1019,Reserved,1019
-1020,-1020,-1020,Reserved,1020
1021,-1021,1021,J. Schmalz GmbH,1021
-1022,-1022,-1022,Reserved,1022
-1023,-1023,-1023,Reserved,1023
-1024,-1024,-1024,Reserved,1024
-1025,-1025,-1025,Reserved,1025
-1026,-1026,-1026,Reserved,1026
-1027,-1027,-1027,Reserved,1027
-1028,-1028,-1028,Reserved,1028
-1029,-1029,-1029,Reserved,1029
-1030,-1030,-1030,Reserved,1030
-1031,-1031,-1031,Reserved,1031
-1032,-1032,-1032,Reserved,1032
-1033,-1033,-1033,Reserved,1033
-1034,-1034,-1034,Reserved,1034
-1035,-1035,-1035,Reserved,1035
-1036,-1036,-1036,Reserved,1036
-1037,-1037,-1037,Reserved,1037
-1038,-1038,-1038,Reserved,1038
-1039,-1039,-1039,Reserved,1039
1040,-1040,1040,Cardinal Scale Mfg. Co.,1040
-1041,-1041,1041,METZ CONNECT USA Inc.,1041
-1042,-1042,-1042,Reserved,1042
-1043,-1043,-1043,Reserved,1043
-1044,-1044,-1044,Reserved,1044
-1045,-1045,-1045,Reserved,1045
-1046,-1046,-1046,Reserved,1046
-1047,-1047,-1047,Reserved,1047
-1048,-1048,1048,ORMEC Systems Corp.,1048
-1049,-1049,-1049,Reserved,1049
-1050,-1050,-1050,Reserved,1050
-1051,-1051,-1051,Reserved,1051
-1052,-1052,-1052,Reserved,1052
-1053,-1053,-1053,Reserved,1053
-1054,-1054,-1054,Reserved,1054
-1055,-1055,-1055,Reserved,1055
1056,-1056,-1056,Scancon A/S,1056
-1057,-1057,-1057,Reserved,1057
-1058,-1058,-1058,Reserved,1058
-1059,-1059,-1059,Reserved,1059
-1060,-1060,1060,Innovasic,1060
-1061,-1061,-1061,Reserved,1061
-1062,-1062,-1062,Reserved,1062
-1063,-1063,-1063,Reserved,1063
-1064,-1064,-1064,Reserved,1064
-1065,-1065,-1065,Reserved,1065
1066,-1066,-1066,"ENDO KOGYO CO., LTD",1066
-1067,-1067,-1067,Reserved,1067
-1068,-1068,-1068,Reserved,1068
-1069,-1069,-1069,Reserved,1069
-1070,-1070,1070,Joy Mining Machinery,1070
-1071,-1071,1071,MPM Engineering Ltd.,1071
-1072,-1072,-1072,Reserved,1072
-1073,-1073,-1073,Reserved,1073
-1074,-1074,-1074,Reserved,1074
-1075,-1075,-1075,Reserved,1075
-1076,-1076,-1076,Reserved,1076
-1077,-1077,-1077,Reserved,1077
-1078,-1078,-1078,Reserved,1078
-1079,-1079,-1079,Reserved,1079
-1080,-1080,-1080,Reserved,1080
-1081,-1081,-1081,Reserved,1081
-1082,-1082,-1082,Reserved,1082
-1083,-1083,-1083,Reserved,1083
-1084,-1084,1084,Sciemetric Instruments Inc.,1084
-1085,-1085,-1085,Reserved,1085
1086,-1086,-1086,"Mechatronics Co.,Ltd",1086
-1087,-1087,-1087,Reserved,1087
-1088,-1088,-1088,Reserved,1088
-1089,-1089,-1089,Reserved,1089
-1090,-1090,1090,"Acrison, Inc.",1090
1091,-1091,1091,"Applied Robotics, Inc.",1091
-1092,-1092,-1092,Reserved,1092
1093,-1093,-1093,Beijing Aurasky Electronics Co. Ltd,1093
-1094,-1094,-1094,Reserved,1094
1095,-1095,1095,OMRON Microscan Systems Inc.,1095
-1096,-1096,-1096,Reserved,1096
-1097,-1097,1097,SensoPart Industriesensorik GmbH,1097
-1098,-1098,1098,Tiefenbach Control Systems GmbH,1098
-1099,-1099,-1099,Reserved,1099
-1100,-1100,-1100,Reserved,1100
-1101,-1101,-1101,Reserved,1101
-1102,-1102,-1102,Reserved,1102
-1103,-1103,-1103,Reserved,1103
-1104,-1104,1104,Power Electronics S.L.,1104
1105,-1105,1105,Renesas Electronics,1105
-1106,-1106,-1106,Reserved,1106
-1107,-1107,1107,Porter Engineering Ltd.,1107
-1108,-1108,-1108,Reserved,1108
-1109,-1109,1109,Inductive Automation,1109
-1110,-1110,-1110,Reserved,1110
-1111,-1111,-1111,Reserved,1111
1112,-1112,1112,"Hitachi Industrial Equipment Systems Co.,Ltd.",1112
-1113,-1113,-1113,Reserved,1113
-1114,-1114,1114,port GmbH,1114
1115,-1115,1115,B & PLUS,1115
-1116,-1116,-1116,Reserved,1116
-1117,-1117,-1117,Reserved,1117
-1118,-1118,-1118,Reserved,1118
-1119,-1119,-1119,Reserved,1119
-1120,-1120,-1120,Reserved,1120
-1121,-1121,-1121,Reserved,1121
-1122,-1122,-1122,Reserved,1122
-1123,-1123,-1123,Reserved,1123
-1124,-1124,-1124,Reserved,1124
-1125,-1125,1125,Tetra Pak Packaging Solutions SpA,1125
-1126,-1126,-1126,Reserved,1126
-1127,-1127,-1127,Reserved,1127
-1128,-1128,-1128,Reserved,1128
-1129,-1129,-1129,Reserved,1129
1130,-1130,-1130,"Brother Industries, Ltd.",1130
-1131,-1131,-1131,Reserved,1131
-1132,-1132,1132,Leroy Automation,1132
-1133,-1133,-1133,Reserved,1133
1134,-1134,1134,"THK Co., Ltd.",1134
-1135,-1135,-1135,Reserved,1135
-1136,-1136,-1136,Reserved,1136
1137,-1137,1137,TR-Electronic GmbH,1137
-1138,-1138,-1138,Reserved,1138
-1139,-1139,-1139,Reserved,1139
-1140,-1140,-1140,Reserved,1140
-1141,-1141,-1141,Reserved,1141
-1142,-1142,-1142,Reserved,1142
-1143,-1143,-1143,Reserved,1143
-1144,-1144,-1144,Reserved,1144
-1145,-1145,-1145,Reserved,1145
-1146,-1146,-1146,Reserved,1146
-1147,-1147,-1147,Reserved,1147
-1148,-1148,-1148,Reserved,1148
-1149,-1149,-1149,Reserved,1149
-1150,-1150,1150,Promess Incorporated,1150
-1151,-1151,1151,COPA-DATA GmbH,1151
1152,-1152,-1152,Precision Engine Controls Corporation,1152
-1153,-1153,-1153,Reserved,1153
1154,-1154,1154,Lapp Group,1154
-1155,-1155,-1155,Reserved,1155
-1156,-1156,-1156,Reserved,1156
1157,-1157,-1157,Aseptomag AG,1157
-1158,-1158,1158,ARC Informatique,1158
-1159,-1159,-1159,Reserved,1159
-1160,-1160,1160,"Kobe Steel, Ltd.",1160
-1161,-1161,1161,FLIR Systems,1161
-1162,-1162,-1162,Reserved,1162
-1163,-1163,1163,STRATON AUTOMATION,1163
-1164,-1164,-1164,Reserved,1164
-1165,-1165,-1165,Reserved,1165
-1166,-1166,1166,Elspec,1166
-1167,-1167,-1167,Reserved,1167
1168,-1168,1168,Kunbus GmbH Industrial Communication,1168
-1169,-1169,-1169,Reserved,1169
1170,-1170,-1170,"Performance Controls, Inc.",1170
-1171,-1171,1171,"ACS Motion Control, Ltd.",1171
-1172,-1172,-1172,Reserved,1172
-1173,-1173,-1173,Reserved,1173
1174,-1174,1174,"Alicat Scientific, Inc.",1174
-1175,-1175,-1175,Reserved,1175
1176,-1176,-1176,ADFweb.com SRL,1176
-1177,-1177,-1177,Reserved,1177
-1178,-1178,-1178,Reserved,1178
-1179,-1179,1179,Vishay Nobel AB,1179
-1180,-1180,-1180,Reserved,1180
1181,-1181,1181,Emerson - SolaHD,1181
-1182,-1182,1182,Endress+Hauser,1182
-1183,-1183,1183,Bartec GmbH,1183
-1184,-1184,-1184,Reserved,1184
-1185,-1185,1185,"AccuSentry, Inc.",1185
-1186,-1186,1186,Curtiss Wright - Exlar Actuator Solutions,1186
-1187,-1187,-1187,Reserved,1187
-1188,-1188,1188,"Control Concepts, Inc.",1188
-1189,-1189,-1189,Reserved,1189
-1190,-1190,1190,Procon Engineering A Division of National Oilwell Varco UK Ltd,1190
-1191,-1191,1191,Hermary,1191
-1192,-1192,-1192,Reserved,1192
-1193,-1193,-1193,Reserved,1193
-1194,-1194,-1194,Reserved,1194
-1195,-1195,1195,Reserved,1195
-1196,-1196,-1196,Reserved,1196
-1197,-1197,-1197,Reserved,1197
1198,-1198,1198,Anton Paar GmbH,1198
-1199,-1199,-1199,Reserved,1199
-1200,-1200,-1200,Reserved,1200
-1201,-1201,-1201,Reserved,1201
1202,-1202,1202,Bonfiglioli Deutschland GmbH,1202
1203,-1203,-1203,Pivotal Systems,1203
-1204,-1204,-1204,Reserved,1204
-1205,-1205,-1205,Reserved,1205
-1206,-1206,-1206,Reserved,1206
-1207,-1207,-1207,Reserved,1207
-1208,-1208,-1208,Reserved,1208
-1209,-1209,-1209,Reserved,1209
-1210,-1210,-1210,Reserved,1210
-1211,-1211,1211,wenglor sensoric gmbh,1211
-1212,-1212,-1212,Reserved,1212
1213,-1213,-1213,"MKP Co., Ltd.",1213
-1214,-1214,-1214,Reserved,1214
1215,-1215,-1215,Heinzmann GmbH & Co. KG,1215
-1216,-1216,-1216,Reserved,1216
-1217,-1217,-1217,Reserved,1217
-1218,-1218,-1218,Reserved,1218
-1219,-1219,1219,FMS Force Measuring Systems AG,1219
-1220,-1220,-1220,Reserved,1220
-1221,-1221,-1221,Reserved,1221
-1222,-1222,-1222,Reserved,1222
-1223,-1223,-1223,Reserved,1223
-1224,-1224,-1224,Reserved,1224
-1225,-1225,-1225,Reserved,1225
-1226,-1226,-1226,Reserved,1226
-1227,-1227,1227,TMG Technologie und Engineering GmbH,1227
-1228,-1228,-1228,Reserved,1228
-1229,-1229,-1229,Reserved,1229
-1230,-1230,-1230,Reserved,1230
-1231,-1231,1231,Dukane,1231
-1232,-1232,-1232,Reserved,1232
-1233,-1233,1233,Jacobs Automation,1233
-1234,-1234,-1234,Reserved,1234
1235,-1235,-1235,MSC Tuttlingen GmbH,1235
-1236,-1236,-1236,Reserved,1236
-1237,-1237,-1237,Reserved,1237
-1238,-1238,-1238,Reserved,1238
-1239,-1239,-1239,Reserved,1239
-1240,-1240,-1240,Reserved,1240
-1241,-1241,1241,Z-Tec Automation Systems Inc.,1241
-1242,-1242,1242,ENTRON Controls LLC,1242
1243,-1243,-1243,Johannes Huebner Fabrik Elektrischer Maschinen GmbH,1243
-1244,-1244,1244,"RF IDeas, Inc.",1244
-1245,-1245,1245,Pentronic AB,1245
-1246,-1246,1246,Atlas Copco IAS GmbH,1246
1247,-1247,1247,TDK-Lambda Corporation,1247
-1248,-1248,-1248,Reserved,1248
-1249,-1249,-1249,Reserved,1249
-1250,-1250,1250,Altronic LLC,1250
1251,-1251,1251,Siemens AG,1251
-1252,-1252,-1252,Reserved,1252
-1253,-1253,-1253,Reserved,1253
-1254,-1254,-1254,Reserved,1254
-1255,-1255,-1255,Reserved,1255
-1256,-1256,1256,LMI Technologies,1256
-1257,-1257,-1257,Reserved,1257
-1258,-1258,-1258,Reserved,1258
-1259,-1259,-1259,Reserved,1259
-1260,-1260,-1260,Reserved,1260
-1261,-1261,1261,CEPHALOS Automatisierung mbH,1261
-1262,-1262,-1262,Reserved,1262
-1263,-1263,-1263,Reserved,1263
-1264,-1264,-1264,Reserved,1264
1265,-1265,1265,"Quabbin Wire & Cable Co., Inc.",1265
-1266,-1266,-1266,Reserved,1266
-1267,-1267,-1267,Reserved,1267
1268,-1268,-1268,"HORIBA Precision Instruments (Beijing) Co.,Ltd.",1268
-1269,-1269,-1269,Reserved,1269
-1270,-1270,-1270,Reserved,1270
-1271,-1271,-1271,Reserved,1271
1272,-1272,-1272,IEP GmbH,1272
-1273,-1273,-1273,Reserved,1273
-1274,-1274,-1274,Reserved,1274
-1275,-1275,-1275,Reserved,1275
-1276,-1276,-1276,Reserved,1276
1277,-1277,1277,Control Chief Corporation,1277
-1278,-1278,-1278,Reserved,1278
-1279,-1279,-1279,Reserved,1279
-1280,-1280,-1280,Reserved,1280
-1281,-1281,-1281,Reserved,1281
1282,-1282,-1282,PRIMES GmbH,1282
-1283,-1283,1283,Branson Ultrasonics,1283
-1284,-1284,1284,DEIF A/S,1284
-1285,-1285,1285,CODESYS GmbH,1285
-1286,-1286,-1286,Reserved,1286
-1287,-1287,1287,Smarteye Corporation,1287
-1288,-1288,1288,Shibaura Machine,1288
-1289,-1289,1289,HMS/BU Ewon,1289
-1290,-1290,1290,OFS,1290
-1291,-1291,1291,KROHNE,1291
-1292,-1292,-1292,Reserved,1292
-1293,-1293,-1293,Reserved,1293
-1294,-1294,-1294,Reserved,1294
-1295,-1295,1295,Kistler Instrumente AG,1295
-1296,-1296,-1296,Reserved,1296
-1297,-1297,-1297,Reserved,1297
-1298,-1298,-1298,Reserved,1298
-1299,-1299,-1299,Reserved,1299
-1300,-1300,-1300,Reserved,1300
-1301,-1301,1301,Xylem Analytics Germany GmbH,1301
-1302,-1302,1302,"Lenord, Bauer & Co. GmbH",1302
-1303,-1303,1303,Carlo Gavazzi Controls,1303
-1304,-1304,-1304,Reserved,1304
-1305,-1305,-1305,Reserved,1305
-1306,-1306,1306,Sensia LLC,1306
-1307,-1307,1307,Kepware Technologies,1307
-1308,-1308,1308,duagon AG,1308
-1309,-1309,-1309,Reserved,1309
-1310,-1310,1310,Xylem Water Solutions,1310
1311,-1311,1311,"Automation Professionals, LLC",1311
-1312,-1312,-1312,Reserved,1312
-1313,-1313,1313,CEIA SpA,1313
-1314,-1314,-1314,Reserved,1314
-1315,-1315,1315,Alphagate Automatisierungstechnik GmbH,1315
-1316,-1316,1316,"Mecco Partners, LLC",1316
-1317,-1317,1317,LAP GmbH Laser Applikationen,1317
1318,-1318,1318,ABB S.p.A. - SACE Division,1318
-1319,-1319,-1319,Reserved,1319
-1320,-1320,-1320,Reserved,1320
-1321,-1321,1321,"C.E. Electronics, Inc.",1321
-1322,-1322,1322,"Thermo Ramsey Inc., a part of Thermo Fisher Scientific",1322
1323,-1323,1323,Helmholz GmbH & Co. KG,1323
-1324,-1324,1324,EUCHNER GmbH + Co. KG,1324
-1325,-1325,1325,AMKmotion,1325
-1326,-1326,1326,Badger Meter,1326
-1327,-1327,-1327,Reserved,1327
-1328,-1328,1328,"Fisher-Rosemount Systems, Inc. doing business as Process Systems & Solutions",1328
1329,-1329,1329,Conductix-Wampfler Automation GmbH,1329
-1330,-1330,1330,"Fairbanks Scales, Inc.",1330
-1331,-1331,1331,"Imperx, Inc.",1331
1332,-1332,1332,FRONIUS International GmbH,1332
-1333,-1333,1333,Hoffman Enclosures,1333
-1334,-1334,1334,Elecsys Corporation,1334
-1335,-1335,-1335,Reserved,1335
-1336,-1336,1336,RACO Manufacturing and Engineering,1336
1337,-1337,1337,Hein Lanz Industrial Tech.,1337
-1338,-1338,1338,Codenomicon,1338
-1339,-1339,1339,SABO Elektronik GmbH,1339
-1340,-1340,-1340,Reserved,1340
1341,-1341,-1341,Sensirion AG,1341
-1342,-1342,1342,SIKO GmbH,1342
-1343,-1343,-1343,Reserved,1343
-1344,-1344,1344,GRUNDFOS,1344
-1345,-1345,-1345,Reserved,1345
-1346,-1346,1346,Beijer Electronics Products AB,1346
-1347,-1347,-1347,Reserved,1347
-1348,-1348,-1348,Reserved,1348
-1349,-1349,-1349,Reserved,1349
-1350,-1350,1350,Coval,1350
-1351,-1351,1351,Powell Industries,1351
-1352,-1352,-1352,Reserved,1352
-1353,-1353,-1353,Reserved,1353
-1354,-1354,1354,SCAIME SAS,1354
-1355,-1355,1355,Metal Work SpA,1355
-1356,-1356,1356,Telsonic AG,1356
-1357,-1357,-1357,Reserved,1357
-1358,-1358,1358,Hauch & Bach ApS,1358
-1359,-1359,1359,Fuji Seal Germany GmbH,1359
-1360,-1360,1360,ULTIMATE Europe Transportation Equipment GmbH,1360
-1361,-1361,-1361,Reserved,1361
-1362,-1362,1362,"FW Murphy Production Controls, LLC",1362
1363,1363,-1363,Lake Cable LLC,1363
-1364,-1364,-1364,Reserved,1364
-1365,-1365,-1365,Reserved,1365
-1366,-1366,-1366,Reserved,1366
-1367,-1367,-1367,Reserved,1367
-1368,-1368,1368,Nanotec Electronic GmbH & Co. KG,1368
1369,-1369,-1369,"SAMWON ACT Co., Ltd.",1369
-1370,-1370,1370,Aparian Inc.,1370
-1371,-1371,1371,Cosys Inc.,1371
-1372,-1372,1372,Insight Automation Inc.,1372
-1373,-1373,-1373,Reserved,1373
1374,-1374,1374,FASTECH,1374
-1375,-1375,1375,K.A. Schmersal GmbH & Co. KG,1375
-1376,-1376,1376,Reserved,1376
-1377,-1377,-1377,Reserved,1377
-1378,-1378,1378,"SEIDENSHA ELECTRONICS CO., LTD",1378
-1379,-1379,-1379,Reserved,1379
-1380,-1380,1380,Don Electronics Ltd,1380
-1381,-1381,1381,burster gmbh & co kg,1381
-1382,-1382,1382,Unitronics (1989) (RG) LTD,1382
-1383,-1383,1383,OEM Technology Solutions,1383
-1384,-1384,-1384,Reserved,1384
-1385,-1385,-1385,Reserved,1385
1386,-1386,1386,"DENGENSHA TOA CO., LTD",1386
-1387,-1387,1387,Systec Systemtechnik und Industrieautomation GmbH,1387
-1388,-1388,-1388,Reserved,1388
-1389,-1389,1389,Jenny Science AG,1389
-1390,-1390,1390,Baumer Optronic GmbH,1390
-1391,-1391,1391,Invertek Drives Ltd,1391
-1392,-1392,1392,High Grade Controls Corporation,1392
-1393,-1393,-1393,Reserved,1393
-1394,-1394,-1394,Reserved,1394
-1396,-1396,-1396,Reserved,1396
-1397,-1397,-1397,Reserved,1397
-1398,-1398,-1398,Reserved,1398
-1399,-1399,1399,Universal Robots A/S,1399
-1400,-1400,-1400,Reserved,1400
-1401,-1401,1401,Dialight,1401
-1402,-1402,1402,E-T-A Elektrotechnische Apparate GmbH,1402
1403,-1403,1403,Kemppi Oy,1403
-1404,-1404,1404,"Tianjin Geneuo Technology Co., Ltd.",1404
-1405,-1405,1405,ORing Industrial Networking Corp.,1405
-1406,-1406,-1406,Reserved,1406
-1407,-1407,-1407,Reserved,1407
-1408,-1408,1408,ELAP S.R.L.,1408
-1409,-1409,1409,Applied Mining Technologies,1409
1410,-1410,-1410,KITZ SCT Corporation,1410
1411,-1411,-1411,VTEX Corporation,1411
-1412,-1412,1412,ESYSE GmbH Embedded Systems Engineering,1412
-1413,-1413,1413,Automation Controls,1413
-1414,-1414,-1414,Reserved,1414
-1415,-1415,1415,Cincinnati Test Systems,1415
-1416,-1416,-1416,Reserved,1416
-1417,-1417,1417,Zumbach Electronics Corp.,1417
-1418,-1418,1418,Emerson,1418
-1419,-1419,1419,CCS Inc.,1419
-1420,-1420,1420,"Videojet, Inc.",1420
-1421,-1421,1421,Zebra Technologies,1421
-1422,-1422,1422,ANRITSU CORPORATION,1422
-1423,-1423,1423,Dimetix AG,1423
-1424,-1424,1424,General Measure (China),1424
-1425,-1425,1425,Fortress Interlocks,1425
-1426,-1426,-1426,Reserved,1426
-1427,-1427,-1427,Reserved,1427
-1428,-1428,1428,SERVO-ROBOT INC.,1428
-1429,-1429,-1429,Reserved,1429
1430,-1430,1430,"nLIGHT, Inc.",1430
-1431,-1431,1431,Microchip Technology Inc.,1431
-1432,-1432,-1432,Reserved,1432
-1433,-1433,-1433,Reserved,1433
-1434,-1434,1434,Accutron Instruments Inc.,1434
-1435,-1435,1435,Kaeser Kompressoren SE,1435
-1436,-1436,-1436,Reserved,1436
-1437,-1437,1437,"Coherix, Inc.",1437
-1438,-1438,1438,FLSmidth A/S,1438
-1439,-1439,-1439,Reserved,1439
-1440,-1440,1440,MASTERFLEX Part of Avantor,1440
-1441,-1441,1441,"Wachendorff Automation GmbH & Co., KG",1441
-1442,-1442,1442,SMAC Moving Coil Actuators,1442
-1444,-1444,1444,"PushCorp, Inc.",1444
-1445,-1445,1445,Fluke Process Instruments GmbH,1445
-1446,-1446,1446,Mini Motor S.p.a,1446
-1447,-1447,-1447,Reserved,1447
-1448,-1448,1448,Grace Technologies,1448
-1449,-1449,-1449,Reserved,1449
-1450,-1450,-1450,Reserved,1450
-1451,-1451,1451,Domino Printing,1451
-1452,-1452,-1452,Reserved,1452
-1453,-1453,-1453,Reserved,1453
-1454,-1454,1454,Altus Sistemas de Automação S.A.,1454
-1455,-1455,-1455,Reserved,1455
-1456,-1456,-1456,Reserved,1456
-1457,-1457,-1457,Reserved,1457
-1458,-1458,-1458,Reserved,1458
-1459,-1459,1459,"Utthunga Technologies Pvt Ltd.,",1459
-1460,-1460,-1460,Reserved,1460
-1461,-1461,1461,WIPOTEC GmbH,1461
-1462,-1462,1462,Atos spa,1462
-1463,-1463,1463,Solartron Metrology LTD,1463
-1464,-1464,-1464,Reserved,1464
-1465,-1465,1465,Analog Devices,1465
-1466,-1466,-1466,Reserved,1466
-1468,-1468,1468,Campbell Wrapper Corporation,1468
-1469,-1469,-1469,Reserved,1469
-1470,-1470,1470,aignep spa,1470
-1471,-1471,-1471,Reserved,1471
1472,-1472,-1472,PMV Automation AB,1472
-1473,-1473,-1473,Reserved,1473
-1474,-1474,1474,ProTec Dynatronix LLC dba Dynatronix,1474
-1475,-1475,-1475,Reserved,1475
-1476,-1476,1476,"Bitronics, LLC.",1476
-1477,-1477,1477,Delta Tau Data Systems,1477
-1478,-1478,-1478,Reserved,1478
-1479,-1479,1479,AUTOSOL,1479
-1480,-1480,1480,ADB Safegate,1480
-1481,-1481,-1481,Reserved,1481
-1482,-1482,-1482,Reserved,1482
-1483,-1483,1483,Artis GmbH,1483
-1484,-1484,1484,"REJ Co., LTD",1484
-1485,-1485,-1485,Reserved,1485
-1486,-1486,-1486,Reserved,1486
-1487,-1487,1487,ima-tec gmbh,1487
-1488,-1488,1488,Vision Automation A/S,1488
-1489,-1489,1489,PROCENTEC BV,1489
-1490,-1490,1490,HETRONIK GmbH,1490
-1491,-1491,1491,Lanmark Controls Inc.,1491
-1492,-1492,-1492,Reserved,1492
-1493,-1493,1493,flexlog GmbH,1493
1494,-1494,-1494,YUCHANGTECH,1494
-1495,-1495,-1495,Reserved,1495
-1496,-1496,1496,TAKIKAWA ENGINEERING,1496
-1497,-1497,1497,Ingersoll Rand,1497
-1498,-1498,1498,ASA-RT s.r.l,1498
-1499,-1499,1499,TRUMPF Schweiz AG,1499
-1500,-1500,-1500,Reserved,1500
-1501,-1501,1501,Rinstrum,1501
-1502,-1502,-1502,Reserved,1502
-1503,-1503,-1503,Reserved,1503
-1504,-1504,1504,BlueBotics SA,1504
-1505,-1505,1505,Dynapar Corporation,1505
-1506,-1506,1506,Blum-Novotest,1506
-1507,-1507,1507,CIMON,1507
-1508,-1508,1508,"Dalian SeaSky Automation Co., ltd",1508
-1509,-1509,1509,Rethink Robotics GmbH,1509
-1510,-1510,1510,Ingeteam Power Technology S. A.,1510
1511,-1511,1511,"TOKYO SEIMITSU CO., LTD.",1511
-1512,-1512,1512,SAMSON AG,1512
-1513,-1513,1513,TGW Logistics GmbH,1513
-1514,-1514,1514,Diatrend Corporation,1514
-1515,-1515,-1515,Reserved,1515
-1516,-1516,1516,VAHLE Automation GmbH,1516
-1517,-1517,1517,"JSL Technology Co.,Ltd.",1517
1518,-1518,1518,NetTechnix E&P GmbH,1518
-1519,-1519,-1519,Reserved,1519
-1520,-1520,1520,Tecweigh,1520
-1521,-1521,1521,IVEK Corporation,1521
-1522,-1522,-1522,Reserved,1522
-1523,-1523,1523,AQ M-TECH AB,1523
-1524,-1524,1524,Rexnord Industries LLC,1524
-1525,-1525,-1525,Reserved,1525
-1526,-1526,1526,"OPTEX FA Co., Ltd",1526
-1527,-1527,1527,Volktek Corporation,1527
-1528,-1528,-1528,Reserved,1528
-1529,-1529,-1529,Reserved,1529
-1530,-1530,1530,"Analytical Technology, Inc.",1530
-1531,-1531,1531,Columbus McKinnon Corporation,1531
-1532,-1532,1532,HBC-radiomatic GmbH,1532
-1533,-1533,1533,Leonton Technologies,1533
-1534,-1534,1534,Mitsubishi Electric India Pvt. Ltd.,1534
-1535,-1535,1535,ALLTEC Angewandte Laserlicht Technologie GmbH,1535
-1536,-1536,1536,Leakmaster Inc,1536
-1537,-1537,1537,Buhler AG,1537
-1538,-1538,1538,LINAK A/S,1538
-1539,-1539,-1539,Reserved,1539
-1540,-1540,-1540,Reserved,1540
-1541,-1541,-1541,Reserved,1541
-1542,-1542,1542,Watson-Marlow Ltd,1542
-1543,-1543,-1543,Reserved,1543
-1544,-1544,-1544,Reserved,1544
-1545,-1545,1545,adphos,1545
-1546,-1546,-1546,Reserved,1546
-1547,-1547,1547,TOSS GmbH & Co. KG,1547
-1548,-1548,1548,Solar Turbines Incorporated,1548
-1549,-1549,-1549,Reserved,1549
-1550,-1550,-1550,Reserved,1550
-1551,-1551,1551,Carlo Gavazzi Industri,1551
1552,-1552,-1552,Nippon Gear,1552
-1553,-1553,1553,"OSIsoft, LLC",1553
1554,-1554,1554,Rinco Ultrasonics AG,1554
-1555,-1555,-1555,Reserved,1555
-1556,-1556,-1556,Reserved,1556
-1557,-1557,1557,Mitutoyo,1557
-1558,-1558,1558,swisca ,1558
-1559,-1559,1559,Micro-Epsilon Messtechnik GmbH & Co. KG,1559
-1560,-1560,1560,AMADA MIYACHI AMERICA,1560
1561,-1561,-1561,"Taihan Electric Wire Co., Ltd.",1561
-1562,-1562,1562,JANOME Corporation,1562
-1563,-1563,1563,ISHIDA ,1563
-1564,-1564,1564,NAKANISHI INC.,1564
-1565,-1565,1565,Mecademic Inc.,1565
-1566,-1566,-1566,Reserved,1566
-1567,-1567,1567,Sigma (NSW) PTY LTD,1567
-1568,-1568,1568,Hammond Power Solutions Inc.-Mesta,1568
-1569,-1569,-1569,Reserved,1569
-1570,-1570,-1570,Reserved,1570
-1571,-1571,-1571,Reserved,1571
-1572,-1572,1572,Motortronics UK Ltd.,1572
-1573,-1573,1573,Doosan Robotics,1573
-1574,-1574,1574,ADVANCED Motion Controls,1574
-1575,-1575,1575,OnRobot A/S,1575
-1576,-1576,1576,"3onedata Co., Ltd.",1576
-1577,-1577,1577,Oetiker,1577
-1578,-1578,1578,SICK OPTEX,1578
-1579,-1579,-1579,Reserved,1579
-1580,-1580,-1580,Reserved,1580
-1581,-1581,-1581,Reserved,1581
-1582,-1582,-1582,Reserved,1582
-1583,-1583,1583,"TCI, LLC - An Allied Motion Company",1583
-1584,-1584,-1584,Reserved,1584
-1585,-1585,-1585,Reserved,1585
-1586,-1586,-1586,Reserved,1586
-1587,-1587,1587,Dürr Somac GmbH,1587
-1588,-1588,-1588,Reserved,1588
-1589,-1589,-1589,Reserved,1589
-1590,-1590,-1590,Reserved,1590
-1591,-1591,1591,RICOH Industrial Solutions Inc.,1591
-1592,-1592,1592,Shanghai Junqian Sensing Technology Co. Ltd.,1592
-1593,-1593,1593,Knick Elektronische Messgeräte GmbH & Co. KG,1593
-1594,-1594,1594,"Magnescale. Co., Ltd.",1594
-1595,-1595,-1595,Reserved,1595
-1596,-1596,1596,"Weintek Labs., Inc",1596
-1597,-1597,1597,"Sherpa, Inc.",1597
-1598,-1598,-1598,Reserved,1598
-1599,-1599,1599,Hydronix Ltd,1599
-1600,-1600,1600,AIOI- SYSTEMS CO. LTD.,1600
-1601,-1601,1601,WINMOD GmbH,1601
-1602,-1602,1602,HIGHYAG Lasertechnologie GmbH,1602
-1603,-1603,1603,Ningbo Jetron Technology Co. Ltd.,1603
-1604,-1604,1604,Myostat Motion Control,1604
-1605,-1605,1605,"A-T Controls, Inc",1605
1606,-1606,1606,"M2M craft Co., Ltd.",1606
-1607,-1607,-1607,Reserved,1607
-1608,-1608,1608,Cetek,1608
-1609,-1609,1609,"Norgren Manufacturing Co., Ltd",1609
-1610,-1610,1610,Bernstein AG,1610
-1611,-1611,1611,"Hitachi Industrial Products, Ltd.",1611
-1612,-1612,-1612,Reserved,1612
-1613,-1613,1613,Duplomatic MS spa,1613
-1614,-1614,1614,Ambrit Ltd,1614
1615,-1615,-1615,Highlight Tech Corp.,1615
1616,-1616,-1616,New Power Plasma Co. Ltd.,1616
-1617,-1617,1617,AGCO Corporation,1617
-1618,-1618,1618,Techman Robot,1618
-1619,-1619,1619,Nabeya Bi-tech Kaisha,1619
-1620,-1620,-1620,Reserved,1620
-1621,-1621,1621,Panasonic Corporation / Electric Works Company,1621
-1622,-1622,1622,Cytiva,1622
-1623,-1623,1623,Janasi Industries Ltd.,1623
-1624,-1624,1624,Haffmans BV,1624
-1625,-1625,-1625,Reserved,1625
-1626,-1626,1626,Omniview Pty Ltd,1626
-1627,-1627,-1627,Reserved,1627
-1628,-1628,1628,Dover Flexo Electronics,1628
-1629,-1629,-1629,Reserved,1629
-1630,-1630,1630,IDEM Safety Switches,1630
-1631,-1631,1631,Sonotronic GmbH,1631
-1632,-1632,-1632,Reserved,1632
-1633,-1633,1633,BBH Products,1633
-1634,-1634,1634,RSI Elektrotechnik,1634
-1635,-1635,1635,Carlo Gavazzi Ltd,1635
1636,-1636,-1636,KOFLOC Corp.,1636
-1637,-1637,1637,VTScada by Trihedral,1637
-1638,-1638,1638,Hach,1638
-1639,-1639,1639,Cogniac ,1639
1640,-1640,-1640,Toshiba Infrastructure Systems & Solutions Corporation,1640
-1641,-1641,-1641,Reserved,1641
-1642,-1642,1642,Rosenberger,1642
-1643,-1643,1643,Blue-White Industries,1643
-1644,-1644,1644,Cellumation GmbH,1644
-1645,-1645,1645,TEAC Corp.,1645
-1646,-1646,1646,AEG Identifikationssysteme GmbH,1646
-1647,-1647,1647,MARS TOHKEN SOLUTION CO.LTD.,1647
-1648,-1648,-1648,Reserved,1648
-1649,-1649,1649,"DAUDIN CO., LTD.",1649
-1650,-1650,1650,THALES,1650
-1651,-1651,1651,Dunkermotoren,1651
-1652,-1652,1652,SONOTEC GmbH,1652
-1653,-1653,1653,Brinkmann Pumpen,1653
-1654,-1654,1654,Rheonics ,1654
-1655,-1655,1655,Precimeter,1655
-1656,-1656,-1656,Reserved,1656
-1657,-1657,1657,"ALGO SYSTEM CO., LTD.",1657
-1658,-1658,1658,Christ Electronic Systems GmbH,1658
1659,-1659,1659,"JFcontrol Co., Ltd.",1659
1660,-1660,1660,"Shenzhen Inovance Technology Co., Ltd.",1660
-1661,-1661,1661,Rheonik Coriolis Mass Flow Sensors,1661
1662,-1662,-1662,"Ichor Systems, Inc.",1662
-1663,-1663,1663,di-soric GmbH & Co. KG,1663
1664,-1664,1664,Amphenol ICC,1664
-1665,-1665,1665,"Ningbo AirTAC Automation Industrial Co., Ltd.",1665
-1666,-1666,1666,RSI,1666
-1667,-1667,1667,Soft Robotics Inc.,1667
-1668,-1668,-1668,Reserved,1668
-1669,-1669,-1669,Reserved,1669
-1670,-1670,1670,Afag Holding AG,1670
-1671,-1671,1671,TELESIS TECHNOLOGIES INC,1671
-1672,-1672,1672,SSI Schaefer Automation GmbH ,1672
-1673,-1673,1673,"Super Systems, Inc.",1673
-1674,-1674,1674,CoreTigo LTD,1674
-1675,-1675,1675,Inxpect SPA,1675
-1676,-1676,1676,Kostal Industrie Elektrik GmbH,1676
-1677,-1677,1677,"JingQi（Tianjin）Technology Co.,Ltd",1677
-1678,-1678,1678,AGI Suretrack,1678
-1679,-1679,1679,"JAKA Robotics Co., Ltd.",1679
-1680,-1680,1680,Polarteknik Oy,1680
-1681,-1681,1681,"RoboteQ, Inc ",1681
-1682,-1682,1682,Uson,1682
-1683,-1683,1683,"Opt Machine Vision Tech Co., Ltd",1683
-1684,-1684,1684,Asyril SA,1684
-1685,-1685,1685,Georg Fischer Piping Systems,1685
-1686,-1686,1686,Aber Instruments Ltd,1686
-1687,-1687,1687,CodeWrights GmbH,1687
-1688,-1688,1688,"Neurala, Inc.",1688
-1689,-1689,-1689,Reserved,1689
-1690,-1690,-1690,Reserved,1690
-1691,-1691,1691,MS Ultraschall Technologie GmbH,1691
-1692,-1692,1692,PLASUS GmbH,1692
-1693,-1693,1693,NIKON CORPORATION,1693
-1694,-1694,1694,Shenzhen Hengzhiyuan Technology Corporation Ltd.,1694
-1695,-1695,-1695,Reserved,1695
-1696,-1696,1696,Specialist Mechanical Engineers,1696
-1697,-1697,-1697,Reserved,1697
-1698,-1698,-1698,Reserved,1698
-1699,-1699,-1699,Reserved,1699
1700,-1700,1700,Toledo e Souza,1700
-1701,-1701,-1701,Reserved,1701
-1702,-1702,1702,PLANET Technology Corporation,1702
-1703,-1703,1703,Robatech AG,1703
-1704,-1704,1704,MARKEM-IMAJE,1704
-1705,-1705,1705,Novanta IMS,1705
-1706,-1706,1706,Bamboo-Dynamics,1706
-1707,-1707,1707,"FACTS Engineering, LLC",1707
-1708,-1708,-1708,Reserved,1708
-1709,-1709,1709,Fatek Automation Corporation,1709
-1710,-1710,-1710,Reserved,1710
-1711,-1711,1711,"FUKUDA CO., LTD.",1711
1712,-1712,1712,"Zhejiang Eternal Automation Sci-Tec Co.,Ltd",1712
-1713,-1713,1713,"KYOWA ELECTRONIC INSTRUMENTS CO.,LTD.",1713
-1714,-1714,1714,Vaisala Oyj,1714
-1715,-1715,1715,Hennecke GmbH,1715
-1716,-1716,1716,Encoder Products Company,1716
-1717,-1717,1717,Converting Equipment International (dba CEI),1717
-1718,-1718,-1718,Reserved,1718
-1719,-1719,1719,Kinova ,1719
-1720,-1720,1720,"The Poling Group, Inc.",1720
-1721,-1721,1721,plating electronic GmbH,1721
-1722,-1722,1722,HIWIN MIKROSYSTEM CORP. ,1722
-1723,-1723,-1723,Reserved,1723
-1724,-1724,1724,ViSCO Technologies Corporation,1724
-1725,-1725,1725,MinebeaMitsumi Inc.,1725
-1726,-1726,1726,FIAtec GmbH,1726
-1727,-1727,-1727,Reserved,1727
-1728,-1728,1728,NTN TECHNICAL SERVICE,1728
-1729,-1729,-1729,Reserved,1729
-1730,-1730,1730,Magswitch,1730
-1731,-1731,1731,VEGA Grieshaber KG,1731
-1732,-1732,1732,H.D.T. S.R.L.,1732
-1733,-1733,1733,Tool-Temp AG,1733
1734,-1734,1734,Hollysys,1734
-1735,-1735,1735,Basler Electric Company,1735
1736,-1736,-1736,"Shinwa Controls Co.,Ltd",1736
-1737,-1737,-1737,Reserved,1737
-1738,-1738,1738,Reverity Inc,1738
1739,1739,1739,TMEIC Corporation,1739
1740,-1740,-1740,BizLink Special Cables Germany GmbH,1740
-1741,-1741,1741,Electronics Inc.,1741
-1742,-1742,1742,Inexbot,1742
-1743,-1743,1743,"Mujin, Inc.",1743
-1744,-1744,-1744,Reserved,1744
-1745,-1745,1745,EKE-Electronics Ltd.,1745
-1746,-1746,1746,Bizerba SE & Co. KG,1746
1747,-1747,-1747,Astrodyne TDI,1747
-1748,-1748,1748,FOCUS-ON VoF,1748
1749,-1749,1749,EWM GmbH,1749
-1750,-1750,1750,Takebishi Corporation,1750
-1751,-1751,1751,Pneumax S.P.A,1751
-1752,-1752,1752,Indu-Sol GmbH,1752
-1753,-1753,-1753,Reserved,1753
-1754,-1754,-1754,Reserved,1754
-1755,-1755,1755,E.MC Corporation,1755
-1756,-1756,1756,Optris GmbH & Co. KG,1756
-1757,-1757,1757,PLIEM,1757
-1758,-1758,1758,Overview AI,1758
-1759,-1759,1759,DMN-WESTINGHOUSE,1759
-1760,-1760,1760,Horizon Inc.,1760
-1761,-1761,1761,Vention,1761
1762,-1762,-1762,NOVASEN,1762
-1763,-1763,1763,AMETEK Land,1763
-1764,-1764,1764,"Tocho Marking Systems America, Inc",1764
-1765,-1765,1765,Schaeffler Monitoring Services GmbH,1765
-1766,-1766,1766,"Veo Robotics, Inc.",1766
-1767,-1767,1767,"LOGISTIQ, division of LEWCO Inc",1767
-1768,-1768,1768,UGL Pty Limited,1768
-1769,-1769,1769,ADT,1769
1770,-1770,-1770,PSTEK,1770
-1771,-1771,1771,Strokmatic Innovation Technology,1771
-1772,-1772,1772,RT-Labs AB,1772
-1773,-1773,1773,Plasmatreat GmbH,1773
-1775,-1775,1775,Binarix Corporation,1775
1776,-1776,-1776,EN2CORE Technology Inc.,1776
-1777,-1777,1777,STOBER Antriebstechnik GmbH & Co. KG,1777
-1778,-1778,1778,NIRECO CORPORATION,1778
1779,-1779,1779,"BEIJING JIYUAN AUTOMATION TECHNOLOGY CO., LTD",1779
-1780,-1780,1780,WERMA Signaltechnik,1780
-1781,-1781,1781,ISH Ingenieursozietät GmbH,1781
-1782,-1782,1782,Elementary,1782
-1783,-1783,1783,Synapticon,1783
-1784,-1784,1784,DELO Industrial Adhesives,1784
-1785,-1785,1785,"Eura Drives Electric Co., Ltd",1785
1786,-1786,-1786,MYUNGBO CABLE,1786
-1787,-1787,1787,Mech-Mind Robotics Technologies,1787
-1788,-1788,1788,TMSS France,1788
-1789,-1789,1789,R.T.A.,1789
-1790,-1790,1790,Baumer,1790
-1791,-1791,1791,"Controlway (Suzhou) Electric Co., Ltd.",1791
1792,-1792,1792,ODOT Automation,1792
-1793,-1793,1793,Pizzato Elettrica S.r.l.,1793
-1794,-1794,1794,Tsubakimoto Chain Co.,1794
-1795,-1795,1795,Voegtlin Instruments GmbH (gas flow technology),1795
-1796,-1796,1796,ZUKEN ELMIC Inc.,1796
-1797,-1797,1797,McCrometer Inc.,1797
-1798,-1798,1798,"Shandong Aotai Electric Co., Ltd",1798
-1799,-1799,1799,Rotork Inc.,1799
-1800,-1800,1800,Alliant Technologies,1800
-1801,-1801,1801,Janatics,1801
-1802,-1802,1802,"Brady Worldwide, Inc.",1802
1803,-1803,-1803,Pinesolution,1803
-1804,-1804,1804,Sealevel Systems Inc,1804
-1805,-1805,1805,Delta Line SA,1805
-1806,-1806,1806,Eureka Robotics,1806
-1807,-1807,1807,"CITIZEN FINEDEVICE CO.,LTD.",1807
-1808,-1808,1808,Comsys AB,1808
-1809,-1809,1809,JUMO GmbH & Co. KG,1809
-1810,-1810,1810,Simco ION,1810
-1811,-1811,1811,SONIC ITALIA,1811
-1812,-1812,1812,"Fortinet, Inc.",1812
1813,-1813,-1813,"Shenzhen Blue Dynamics Precision Co., Ltd.",1813
-1814,-1814,1814,NITTOKU,1814
1815,-1815,-1815,"TATSUTA TACHII ELECTRIC CABLE CO.,LTD",1815
-1816,-1816,1816,"MicroVision, Inc. ",1816
-1817,-1817,1817,Empress Software Japan Inc.,1817
1818,-1818,-1818,"Jiangsu Gao Kai Precision Fluid Technology Co., Ltd",1818
-1819,-1819,1819,SmartD Technologies Inc,1819
-1820,-1820,1820,TDK-Lambda Ltd.,1820
1821,-1821,-1821,"Shaanxi Yidu Intelligence Technology Co.,Ltd.",1821
1822,-1822,-1822,"Chengdu RuiBao Electronic Technology Co., Ltd",1822
-1823,-1823,1823,"Beijing Peitian Technology Co., Ltd",1823
-1824,-1824,1824,AVIAN,1824
-1825,-1825,1825,Nautitech Mining Systems PTY LTD,1825
1826,-1826,1826,GP Systems GmbH,1826
-1827,-1827,1827,"Moore Industries International, Inc,",1827
-1828,-1828,1828,NDW Group BV,1828
-1829,-1829,1829,SignalFire Telemetry,1829
-1830,-1830,1830,VIDAR,1830
-1831,-1831,1831,"Zhejiang HuaRay Technology Co., Ltd.",1831
-1832,-1832,1832,Laumas Elettronica,1832
-1833,-1833,1833,"CATTRON NORTH AMERICA, INC.",1833
-1834,-1834,1834,Phase Technologies,1834
-1835,-1835,1835,Gunda Automation GmbH,1835
-1836,-1836,1836,"Transcend Communication Beijing Co., Ltd.",1836
1837,-1837,-1837,"GOOD WILL INSTRUMENT CO., LTD.",1837
-1838,-1838,1838,UnitX Inc,1838
-1839,-1839,1839,HQ Scales Inc.,1839
-2049,-2049,-2049,Reserved,2049
-4097,-4097,-4097,Reserved,4097
-6145,-6145,-6145,Reserved,6145
-8193,-8193,-8193,Reserved,8193
-9999,-9999,-9999,Reserved,9999
-9999,-9999,-9999,Reserved,9999
-10241,-10241,-10241,Reserved,10241
-12289,-12289,-12289,Reserved,12289
-14337,-14337,-14337,Reserved,14337
-16835,-16835,-16835,Reserved,16835
-18433,-18433,-18433,Reserved,18433
-20481,-20481,-20481,Reserved,20481
-22529,-22529,-22529,Reserved,22529
-24577,-24577,-24577,Reserved,24577
-26625,-26625,-26625,Reserved,26625
-28673,-28673,-28673,Reserved,28673
-30721,-30721,-30721,Reserved,30721
-32769,-32769,-32769,Reserved,32769
-99993,-99993,-99993,Reserved,99993
-99994,-99994,99994,,99994
